214,Kailash
130184,Peter
61211,perry
33084,PAULO DE LUNA
7294,Safdar Malik
4479,Falco
4448,Rik
79904,twighoops21
40659,Marlon
85903,steven
63016,Vance
35625,Jeffrey3
75556,Jose
72891,Keith
7300,evnuh
119600,franco
19012,Niels
6001,Colm
31845,Ricardo
7611,kristian
75517,JOHN
41142,dave
11463,Blaine
151552,jose
280,Allan
81646,Bernd
82195,Bobby
73786,Ahlgreab
38889,Roger
88822,tomas
34404,Abood
41250,henkc50
3487,vinkovjetarxyfb
101491,mike
52542,ykcaj69
33207,Robert1968
42099,anty
129,Gunnar
32142,Roar
84862,Jake
95043,Adrian
34089,Dallas
249416,pierre
30617,roberto
124640,tancrede
151390,Károly
94887,Renzo
4974,Julius
35025,Italo
202678,Kjell
8230,Jeff
49991,Achim
41409,abdellah
59871,jnam9797
93729,Norvall
54036,Brent
80611,Flappie
15348,keith clarke
94347,Ibrahim
52718,Alan
35529,pjanko
95645,Meelis
196528,Ariel
84976,Maciej
42357,Daniel
7362,alfred
7363,David
2304,Nino
7162,Ken
11901,Majid
56331,Kevin
108547,saeer
29639,dave
79609,Saki
6302,James
6822,Bengt Hansen
41100,mihai
89791,max
14043,Shaun
150364,david
16126,Carl
277646,kaled
4548,Christopher
11898,Ryan
51990,Mihály
17872,Andre
277979,Chase
145279,Marc
234512,Kevin
63221,roma350
32,Brian
7371,mark
271292,Yaolong
6429,Richard
144199,silvano
25607,mohammd
41985,Fajar
278471,khaled
68171,Steve
46374,DAVID
74993,mamoun
41502,Ukrn14rme
32982,josé
146890,valdeci
183451,KESTER
149977,Jarek
258,Jakob
86242,Daryl
41622,anton venecia
35505,mikael
41742,nasreddine
51531,Nybyggaren
71156,looking4love
32979,gracious
7092,Max
61001,kitzel
23816,yigal
5785,Cass
41022,Giorgio
91240,norm54
141295,Sune
41991,james
1999,Tony
40182,cpndk1
102013,James
41514,Pizdiuk
100779,Agustin
35175,dreamer71
111210,Douglas
177067,António
82063,Alan
29537,Joel
41967,JORGE
4606,John
96199,send21+ photo
209395,Ivan
81076,Mattias
74211,klestor
221926,joseph
6350,Regis
4681,Angel
216700,Petter
4713,izabel
19105,Duncan
7405,siavash
51720,H.D.
35523,Sony
32724,michele gavino
32721,Luke
25157,Brenyo
32847,Sebastian
14793,David
52164,Nathan
5882,Jorma
41970,chriskendell
5058,Tommys
35403,Karel
224645,hadiyousef
41604,Allen
74969,Heze
14403,Colin
247001,Chris
87820,raul
83159,vlad
6108,Phoenix
36009,gentlemanze
952,eunhyeok
6337,James
6021,farzad
4551,stanisław
467,Karaman
220066,Enrique
227660,Dirk
97643,Jojo
82931,joy
83225,otis687
40311,sweet99patrick
4250,rahul
41271,Brandon
212554,Michael
32739,abbas
245027,jan
154,ulf
25610,filippo
158752,mark lamprell
11412,Kevin
40422,Simon
257960,magnus
6135,Carlos
33456,postavni
96283,Tom
6330,Ronald
352,bervick
53582,Wolfgang
13278,Yan
